"Date","Open","High","Low","Close","Volume"
"11/23/2009","29.84","30.01","29.7","29.94","41,830,640"
"11/20/2009","29.66","29.77","29.43","29.62","42,640,940"
"11/19/2009","29.99","30","29.7","29.78","51,884,940"
"11/18/2009","30","30.14","29.81","30.11","59,420,550"
"11/17/2009","29.5","30","29.47","30","75,447,800"
"11/16/2009","29.61","29.8","29.37","29.54","53,837,650"
"11/13/2009","29.47","29.79","29.37","29.63","53,026,030"
"11/12/2009","29.01","29.49","29","29.36","55,307,630"
"11/11/2009","29.08","29.3","29.02","29.12","49,658,510"
"11/10/2009","28.9","29.28","28.81","29.01","65,825,790"
"11/09/2009","28.62","29","28.53","28.99","57,390,670"
"11/06/2009","28.38","28.63","28.2","28.52","38,583,670"
"11/05/2009","28.52","28.74","28.28","28.47","52,616,210"
"11/04/2009","27.69","28.39","27.62","28.06","63,667,510"
"11/03/2009","27.64","27.74","27.43","27.53","50,255,470"
"11/02/2009","27.7","28.05","27.41","27.88","62,369,240"
"10/30/2009","28.03","28.4","27.66","27.73","73,205,660"
"10/29/2009","28.07","28.41","27.85","28.22","65,202,210"
"10/28/2009","28.24","28.77","27.95","28.02","73,465,540"
"10/27/2009","28.73","28.88","28.44","28.59","68,597,400"
"10/26/2009","28.125","29.02","28.11","28.68","123,923,600"
"10/23/2009","29.2","29.35","27.88","28.02","281,625,200"
"10/22/2009","26.56","26.72","26.13","26.59","61,230,030"
"10/21/2009","26.46","26.75","26.39","26.58","61,642,820"
"10/20/2009","26.42","26.51","25.94","26.37","54,593,960"
"10/19/2009","26.49","26.58","26.25","26.36","48,093,560"
"10/16/2009","26.45","26.63","26.1","26.5","56,463,220"
"10/15/2009","25.9","26.71","25.9","26.71","65,555,770"
"10/14/2009","26.14","26.2","25.82","25.96","45,327,480"
"10/13/2009","25.59","25.94","25.52","25.81","37,469,970"
"10/12/2009","25.66","25.89","25.55","25.72","29,142,140"
"10/09/2009","25.57","25.79","25.46","25.55","39,501,830"
"10/08/2009","25.44","25.9","25.22","25.67","60,495,610"
"10/07/2009","24.99","25.18","24.88","25.1","38,462,390"
"10/06/2009","24.68","25.21","24.655","25.11","48,631,890"
"10/05/2009","24.98","25.06","24.52","24.64","60,786,470"
"10/02/2009","24.455","25.09","24.43","24.96","51,220,090"
"10/01/2009","25.405","25.47","24.8","24.88","75,794,650"
"09/30/2009","25.76","25.99","25.38","25.72","63,522,950"
"09/29/2009","25.91","25.96","25.69","25.75","39,028,240"
"09/28/2009","25.6","26.16","25.6","25.83","44,360,090"
"09/25/2009","25.69","25.82","25.52","25.55","50,107,270"
"09/24/2009","25.92","26.11","25.66","25.94","56,261,080"
"09/23/2009","25.92","26.25","25.64","25.71","60,583,540"
"09/22/2009","25.4","25.82","25.29","25.77","61,309,850"
"09/21/2009","25.11","25.37","25.1","25.3","28,864,170"
"09/18/2009","25.46","25.48","25.1","25.26","67,991,150"
"09/17/2009","25.06","25.38","25.06","25.3","42,414,960"
"09/16/2009","25.25","25.35","24.95","25.2","49,688,070"
"09/15/2009","24.97","25.27","24.86","25.2","44,713,230"
"09/14/2009","24.65","25.09","24.64","25","42,788,900"
"09/11/2009","24.93","25.17","24.81","24.86","54,302,290"
"09/10/2009","24.8","25.05","24.65","25","46,253,800"
"09/09/2009","24.74","24.95","24.665","24.78","49,897,210"
"09/08/2009","24.62","24.84","24.41","24.82","53,715,520"
"09/04/2009","24.09","24.8001","24.08","24.62","44,987,570"
"09/03/2009","23.91","24.14","23.76","24.11","34,110,810"
"09/02/2009","23.82","24.14","23.78","23.86","40,726,040"
"09/01/2009","24.35","24.74","23.9","24","62,571,800"
"08/31/2009","24.57","24.85","24.29","24.65","49,582,950"
"08/28/2009","25.07","25.49","24.61","24.68","55,789,640"
"08/27/2009","24.41","24.78","24.3","24.69","45,433,940"
"08/26/2009","24.59","24.75","24.42","24.55","41,060,010"
"08/25/2009","24.6","24.82","24.46","24.64","43,961,480"
"08/24/2009","24.41","24.7326","24.28","24.64","54,159,300"
"08/21/2009","23.93","24.42","23.77","24.41","68,995,700"
"08/20/2009","23.6","23.87","23.54","23.67","39,502,680"
"08/19/2009","23.25","23.72","23.25","23.65","41,814,320"
"08/18/2009","23.29","23.65","23.27","23.58","38,831,620"
"08/17/2009","23.32","23.6","23.23","23.25","42,462,890"
"08/14/2009","23.62","23.8","23.51","23.692","46,328,540"
"08/13/2009","23.63","23.85","23.4","23.62","38,951,990"
"08/12/2009","23.13","23.9","23.03","23.53","61,936,270"
"08/11/2009","23.32","23.4","23.05","23.13","33,611,790"
"08/10/2009","23.46","23.55","23.3","23.42","35,258,950"
"08/07/2009","23.75","23.82","23.5","23.56","46,165,010"
"08/06/2009","23.93","23.98","23.27","23.46","59,655,950"
"08/05/2009","23.84","24.25","23.79","23.81","53,263,040"
"08/04/2009","23.68","23.79","23.53","23.77","49,116,380"
"08/03/2009","23.82","23.86","23.5","23.83","46,843,710"
"07/31/2009","23.77","24.07","23.5","23.52","54,257,370"
"07/30/2009","24.2","24.43","23.71","23.81","67,713,830"
"07/29/2009","23.73","23.91","23.34","23.8","73,588,000"
"07/28/2009","22.99","23.55","22.9","23.47","70,237,130"
"07/27/2009","23.44","23.45","22.9","23.11","80,886,000"
"07/24/2009","23.61","23.89","22.81","23.45","214,911,400"
"07/23/2009","24.93","25.72","24.84","25.56","104,466,300"
"07/22/2009","24.7","24.9","24.51","24.8","66,131,780"
"07/21/2009","24.69","24.83","24.37","24.83","51,987,160"
"07/20/2009","24.44","24.53","24.15","24.53","47,734,530"
"07/17/2009","24.4","24.45","24.1","24.29","52,839,230"
"07/16/2009","23.93","24.44","23.86","24.44","64,532,180"
"07/15/2009","23.75","24.12","23.56","24.12","67,188,210"
"07/14/2009","23.2","23.22","22.86","23.11","45,343,980"
"07/13/2009","22.42","23.29","22.14","23.23","67,551,500"
"07/10/2009","22.19","22.54","22.15","22.39","43,229,130"
"07/09/2009","22.65","22.81","22.37","22.44","46,963,780"
"07/08/2009","22.31","22.69","22","22.56","73,010,700"
"07/07/2009","23.08","23.14","22.46","22.53","52,802,680"
"07/06/2009","23.21","23.28","22.87","23.2","48,947,080"
"07/02/2009","23.76","24.04","23.21","23.37","65,392,250"
"07/01/2009","24.05","24.3","23.96","24.04","54,871,450"
"06/30/2009","23.97","24.24","23.63","23.77","66,430,750"
"06/29/2009","23.6","24.03","23.55","23.86","62,784,330"
"06/26/2009","23.57","23.69","23.32","23.35","65,093,860"
"06/25/2009","23.43","23.92","23.2","23.79","57,722,360"
"06/24/2009","23.45","23.75","23.36","23.47","54,273,290"
"06/23/2009","23.38","23.66","23.21","23.34","56,747,550"
"06/22/2009","23.95","23.95","23.25","23.28","71,274,810"
"06/19/2009","24.04","24.34","23.75","24.07","115,435,800"
"06/18/2009","23.62","23.69","23.3","23.5","58,721,120"
"06/17/2009","23.5","23.82","23.17","23.68","86,227,180"
"06/16/2009","23.47","24.11","23.44","23.45","105,272,500"
"06/15/2009","23.23","23.54","23.02","23.42","69,056,830"
"06/12/2009","22.9","23.38","22.74","23.33","50,911,270"
"06/11/2009","22.59","23.26","22.57","22.83","65,123,510"
"06/10/2009","22.17","22.62","22.12","22.55","61,193,180"
"06/09/2009","22.06","22.32","21.88","22.08","47,765,240"
"06/08/2009","21.98","22.32","21.63","22.05","48,989,200"
"06/05/2009","21.96","22.31","21.81","22.14","58,932,120"
"06/04/2009","21.77","21.9","21.58","21.83","42,328,970"
"06/03/2009","21.31","21.76","21.29","21.73","55,824,130"
"06/02/2009","21.36","21.98","21.2","21.4","48,926,260"
"06/01/2009","21","21.5","20.86","21.4","57,287,980"
"05/29/2009","20.56","20.94","20.3","20.89","46,028,600"
"05/28/2009","20.32","20.63","20.05","20.45","45,475,340"
"05/27/2009","20.25","20.6","20.07","20.13","42,890,980"
"05/26/2009","19.54","20.45","19.45","20.34","44,985,430"
"05/22/2009","19.93","20.17","19.47","19.75","37,316,760"
"05/21/2009","20.14","20.23","19.51","19.82","58,219,980"
"05/20/2009","20.41","20.69","20.22","20.38","47,439,030"
"05/19/2009","20.51","20.74","20.25","20.31","51,304,730"
"05/18/2009","20.36","20.6","20.24","20.6","46,003,810"
"05/15/2009","20.13","20.5","19.975","20.22","61,232,150"
"05/14/2009","19.83","20.23","19.8","20.06","54,418,560"
"05/13/2009","19.923","20","19.67","19.75","49,280,690"
"05/12/2009","19.51","20.06","19.47","19.89","71,906,020"
"05/11/2009","19.2","19.73","19.01","19.32","63,746,620"
"05/08/2009","19.46","19.64","19.14","19.42","67,583,970"
"05/07/2009","19.96","19.99","19.14","19.32","68,672,620"
"05/06/2009","20.06","20.07","19.61","19.79","59,602,330"
"05/05/2009","20.14","20.24","19.64","19.79","66,833,870"
"05/04/2009","20.37","20.4","19.98","20.19","54,280,560"
"05/01/2009","20.19","20.35","19.8625","20.24","63,141,180"
"04/30/2009","20.6","21.1","20.01","20.26","83,693,870"
"04/29/2009","20.11","20.89","20.06","20.25","76,843,560"
"04/28/2009","20.25","20.27","19.79","19.93","74,296,410"
"04/27/2009","20.55","20.82","20.28","20.4","68,209,300"
"04/24/2009","19.82","21.2","19.5","20.91","167,730,000"
"04/23/2009","18.92","18.94","18.47","18.92","85,000,940"
"04/22/2009","18.76","19.19","18.7","18.78","59,166,120"
"04/21/2009","18.59","19.08","18.57","18.97","60,838,500"
"04/20/2009","18.89","18.95","18.57","18.61","62,936,380"
"04/17/2009","19.685","19.69","19","19.2","61,340,380"
"04/16/2009","19.16","19.78","18.99","19.76","67,681,160"
"04/15/2009","19.21","19.25","18.51","18.83","72,504,840"
"04/14/2009","19.44","19.55","19","19.35","63,568,580"
"04/13/2009","19.69","19.85","19.37","19.59","44,172,210"
"04/09/2009","19.45","19.7","19.22","19.67","55,622,420"
"04/08/2009","18.97","19.62","18.96","19.19","56,232,010"
"04/07/2009","18.76","19.14","18.63","18.76","65,788,750"
"04/06/2009","18.54","18.76","18.265","18.76","47,388,050"
"04/03/2009","19.13","19.15","18.4343","18.75","81,409,500"
"04/02/2009","19.5","19.89","19","19.29","99,042,930"
"04/01/2009","18.23","19.36","18.18","19.31","96,130,230"
"03/31/2009","17.83","18.79","17.78","18.37","92,088,540"
"03/30/2009","17.74","17.76","17.27","17.48","49,434,300"
"03/27/2009","18.543","18.615","18.05","18.13","47,437,400"
"03/26/2009","18.17","18.88","18.12","18.83","63,399,610"
"03/25/2009","17.98","18.31","17.52","17.88","73,917,960"
"03/24/2009","18.04","18.2122","17.84","17.93","50,048,880"
"03/23/2009","17.37","18.59","17.31","18.33","71,175,180"
"03/20/2009","17.32","17.65","16.88","17.06","81,713,160"
"03/19/2009","17.37","17.45","16.92","17.14","58,833,780"
"03/18/2009","17.03","17.22","16.6","16.96","70,667,980"
"03/17/2009","16.323","16.9","16.26","16.9","62,469,610"
"03/16/2009","16.82","16.96","16.24","16.25","66,882,140"
"03/13/2009","16.98","17.05","16.18","16.65","82,826,190"
"03/12/2009","17.01","17.04","16.48","17.01","93,614,320"
"03/11/2009","16.63","17.2","16.43","17.11","84,306,690"
"03/10/2009","15.37","16.62","15.25","16.48","94,810,610"
"03/09/2009","15.2","15.74","15.1","15.15","66,453,100"
"03/06/2009","15.35","15.62","14.87","15.28","92,801,450"
"03/05/2009","15.86","15.88","15.2675","15.27","89,276,900"
"03/04/2009","16.12","16.4","15.89","16.12","68,842,440"
"03/03/2009","16.03","16.24","15.64","15.88","79,871,350"
"03/02/2009","15.96","16.25","15.72","15.79","80,569,360"
"02/27/2009","16.29","16.52","16.1","16.15","93,408,220"
"02/26/2009","17.05","17.08","16.42","16.42","83,185,740"
"02/25/2009","17.01","17.24","16.46","16.96","105,795,300"
"02/24/2009","17.03","17.35","16.36","17.17","122,650,600"
"02/23/2009","18.02","18.15","17.16","17.21","70,777,290"
"02/20/2009","17.77","18.19","17.66","18","69,413,320"
"02/19/2009","18.3","18.38","17.81","17.91","48,735,800"
"02/18/2009","18.22","18.45","18","18.12","54,939,940"
"02/17/2009","18.49","18.5","17.89","18.09","75,823,720"
"02/13/2009","19.27","19.47","19.04","19.09","47,395,670"
"02/12/2009","18.97","19.32","18.54","19.26","75,281,560"
"02/11/2009","18.94","19.49","18.92","19.21","58,583,920"
"02/10/2009","19.25","19.8","18.7","18.8","83,925,010"
"02/09/2009","19.64","19.77","19.26","19.44","52,167,060"
"02/06/2009","19.16","19.93","19.06","19.66","86,709,410"
"02/05/2009","18.51","19.14","18.25","19.04","75,161,560"
"02/04/2009","18.54","19","18.5","18.63","75,571,150"
"02/03/2009","17.85","18.61","17.6","18.5","86,374,270"
"02/02/2009","17.03","18.13","17","17.83","88,839,160"
"01/30/2009","17.74","17.79","17.1","17.1","61,906,740"
"01/29/2009","17.78","17.96","17.56","17.59","49,141,790"
"01/28/2009","17.8","18.31","17.76","18.04","64,144,650"
"01/27/2009","17.78","17.97","17.43","17.66","61,660,690"
"01/26/2009","17.29","17.81","17.23","17.63","93,115,480"
"01/23/2009","16.97","17.49","16.75","17.2","116,812,100"
"01/22/2009","18.05","18.18","17.07","17.11","222,338,900"
"01/21/2009","18.87","19.45","18.46","19.38","68,270,530"
"01/20/2009","19.46","19.62","18.37","18.48","89,358,270"
"01/16/2009","19.63","19.91","19.15","19.71","79,624,980"
"01/15/2009","19.07","19.3","18.52","19.24","96,150,540"
"01/14/2009","19.53","19.68","19.01","19.09","80,245,470"
"01/13/2009","19.52","19.99","19.52","19.82","65,816,180"
"01/12/2009","19.71","19.79","19.3","19.47","52,154,200"
"01/09/2009","20.17","20.3","19.41","19.52","49,807,870"
"01/08/2009","19.63","20.19","19.55","20.12","69,636,940"
"01/07/2009","20.19","20.29","19.48","19.51","72,706,640"
"01/06/2009","20.75","21","20.61","20.76","58,077,680"
"01/05/2009","20.2","20.67","20.06","20.52","61,461,950"
"01/02/2009","19.533","20.4","19.37","20.33","50,082,370"
"12/31/2008","19.31","19.68","19.27","19.44","46,414,930"
"12/30/2008","19.01","19.49","19","19.34","43,211,920"
"12/29/2008","19.15","19.21","18.64","18.96","58,509,430"
"12/26/2008","19.2","19.33","19.09","19.13","23,100,820"
"12/24/2008","19.26","19.45","19.1","19.17","16,894,070"
"12/23/2008","19.28","19.57","19.01","19.28","47,506,360"
"12/22/2008","19.24","19.29","18.89","19.18","58,560,980"
"12/19/2008","19.42","19.8","19.11","19.12","113,458,700"
"12/18/2008","19.86","20.02","18.99","19.3","80,721,510"
"12/17/2008","19.81","20.05","19.5","19.66","78,233,420"
"12/16/2008","19.21","20.18","19","20.11","97,360,640"
"12/15/2008","19.34","19.44","18.89","19.04","59,905,300"
"12/12/2008","19.15","19.85","18.7","19.36","78,104,440"
"12/11/2008","20.11","20.12","19.31","19.45","83,525,010"
"12/10/2008","20.82","20.96","20.3","20.61","61,496,670"
"12/09/2008","20.62","21.25","20.46","20.6","80,481,900"
"12/08/2008","20.35","21.25","20.14","21.01","107,222,400"
"12/05/2008","18.91","19.98","18.47","19.87","91,993,670"
"12/04/2008","19.4","19.92","18.79","19.11","78,701,310"
"12/03/2008","18.65","19.9","18.6","19.87","80,947,680"
"12/02/2008","18.99","19.31","18.56","19.15","79,680,970"
"12/01/2008","19.875","19.95","18.603","18.61","79,608,580"
"11/28/2008","20.23","20.31","20.02","20.22","31,371,940"
"11/26/2008","19.73","20.6761","19.73","20.49","79,675,840"
"11/25/2008","20.86","20.93","19.55","19.99","92,939,460"
"11/24/2008","19.89","20.94","19.87","20.69","125,272,000"
"11/21/2008","18.02","19.7","17.98","19.68","156,981,400"
"11/20/2008","18.115","18.84","17.5","17.53","139,461,300"
"11/19/2008","19.63","19.95","18.25","18.29","102,982,800"
"11/18/2008","19.5","19.66","18.75","19.62","108,931,500"
"11/17/2008","19.74","20.24","19.15","19.32","97,274,890"
"11/14/2008","20.56","21.34","19.65","20.06","96,462,130"
"11/13/2008","20.15","21.25","18.74","21.25","148,309,100"
"11/12/2008","20.89","21","20.28","20.3","90,014,230"
"11/11/2008","21.29","21.3","20.79","21.2","78,002,060"
"11/10/2008","21.845","21.97","21.19","21.3","67,088,670"
"11/07/2008","21.32","21.54","21","21.5","71,247,910"
"11/06/2008","21.87","22.08","20.86","20.88","95,420,680"
"11/05/2008","23.33","23.34","22.05","22.08","81,116,190"
"11/04/2008","23.13","23.66","22.87","23.53","72,112,550"
"11/03/2008","22.48","22.91","22.21","22.62","61,922,220"
"10/31/2008","22.53","22.91","22.12","22.33","92,744,230"
"10/30/2008","23.69","23.88","22.39","22.63","95,264,620"
"10/29/2008","23.13","23.97","22.7","23","111,745,800"
"10/28/2008","21.64","23.21","21.34","23.1","134,052,600"
"10/27/2008","21.67","21.96","21.02","21.18","117,643,300"
"10/24/2008","21.06","22.86","20.95","21.96","153,895,100"
"10/23/2008","21.55","22.59","20.89","22.32","154,106,600"
"10/22/2008","23.04","23.06","20.9","21.53","149,981,000"
"10/21/2008","24.3","25.01","23.27","23.36","100,275,000"
"10/20/2008","24.2","24.75","23.01","24.72","93,471,770"
"10/17/2008","23.565","25.11","23.31","23.93","133,651,400"
"10/16/2008","22.935","24.1902","21.31","24.19","161,081,300"
"10/15/2008","23.78","24.25","22.48","22.66","113,250,100"
"10/14/2008","25.64","25.73","23.6","24.1","165,661,100"
"10/13/2008","22.86","25.5","22.63","25.5","144,875,700"
"10/10/2008","21.79","22.35","20.65","21.5","228,401,800"
"10/09/2008","23.765","23.91","22.07","22.3","131,916,600"
"10/08/2008","22.9","24.3","22.5","23.01","171,575,600"
"10/07/2008","24.98","25.21","23.14","23.23","145,928,500"
"10/06/2008","25.63","25.99","24.14","24.91","146,364,300"
"10/03/2008","26.365","27.47","26.24","26.32","114,283,900"
"10/02/2008","26.18","26.53","25.7","26.25","93,799,360"
"10/01/2008","26.38","26.99","26.28","26.48","88,914,600"
"09/30/2008","25.77","26.6911","25.54","26.69","107,201,600"
"09/29/2008","26.94","27.66","25.0089","25.01","134,333,200"
"09/26/2008","26.17","27.56","26.14","27.4","100,714,600"
"09/25/2008","25.82","26.88","25.74","26.61","96,147,400"
"09/24/2008","25.58","26.09","25.46","25.72","80,247,620"
"09/23/2008","25.66","26.17","25.34","25.44","92,092,460"
"09/22/2008","26.22","26.32","25.32","25.4","105,144,600"
"09/19/2008","26.37","26.4","23.5","25.16","134,921,600"
"09/18/2008","24.8","25.35","24.01","25.26","132,250,300"
"09/17/2008","25.73","25.87","24.5","24.57","103,549,300"
"09/16/2008","26.09","26.49","25.52","25.99","111,658,400"
"09/15/2008","26.92","27.49","26.73","26.82","82,312,390"
"09/12/2008","27.14","27.74","26.94","27.62","75,570,240"
"09/11/2008","26.1","27.46","26.03","27.34","72,899,550"
"09/10/2008","26.52","26.86","26.25","26.44","75,042,030"
"09/09/2008","26.2","26.6","26.05","26.1","85,693,570"
"09/08/2008","26.21","26.33","25.67","26.12","62,109,170"
"09/05/2008","26.03","26.22","25.63","25.65","82,222,430"
"09/04/2008","26.74","26.89","26.35","26.35","66,138,490"
"09/03/2008","27","27.18","26.84","26.9","57,126,920"
"09/02/2008","27.665","27.76","27.06","27.1","66,070,680"
"08/29/2008","27.68","27.78","27.2879","27.29","50,723,360"
"08/28/2008","27.61","28.01","27.6","27.94","48,371,800"
"08/27/2008","27.34","27.79","27.13","27.56","33,973,080"
"08/26/2008","27.58","27.72","27.17","27.27","44,773,030"
"08/25/2008","27.61","27.84","27.46","27.66","51,372,940"
"08/22/2008","27.23","27.88","27.22","27.84","47,892,790"
"08/21/2008","27.1","27.23","26.86","27.18","43,614,130"
"08/20/2008","27.535","27.58","27.17","27.29","41,483,210"
"08/19/2008","27.54","27.75","27.27","27.32","40,307,900"
"08/18/2008","27.78","28.05","27.55","27.69","38,041,010"
"08/15/2008","27.98","28.15","27.58","27.81","47,266,670"
"08/14/2008","27.82","28.28","27.56","27.91","49,642,110"
"08/13/2008","28.07","28.5","27.76","27.91","51,162,290"
"08/12/2008","27.78","28.36","27.58","28.12","62,796,400"
"08/11/2008","27.86","28.4","27.66","27.9","68,729,270"
"08/08/2008","27.35","28.23","27.19","28.13","80,813,490"
"08/07/2008","26.895","27.75","26.73","27.39","82,536,170"
"08/06/2008","26.73","27.16","26.38","27.02","95,513,290"
"08/05/2008","25.64","26.28","25.5","26.21","84,282,610"
"08/04/2008","25.39","25.545","25.11","25.28","60,405,220"
"08/01/2008","25.92","25.95","25.07","25.44","79,450,040"
"07/31/2008","25.85","26.28","25.71","25.72","59,799,240"
"07/30/2008","26.2","26.49","25.9","26.23","51,966,730"
"07/29/2008","25.52","26.19","25.4","26.11","66,330,510"
"07/28/2008","26.06","26.11","25.34","25.5","59,693,260"
"07/25/2008","25.64","26.22","25.5","26.16","58,496,910"
"07/24/2008","26.09","26.17","25.44","25.44","80,906,750"
"07/23/2008","25.86","26.84","25.85","26.43","77,904,570"
"07/22/2008","25.535","25.94","25.48","25.8","88,398,470"
"07/21/2008","25.66","26.17","25.53","25.64","77,471,990"
"07/18/2008","26.36","26.47","25.11","25.86","150,236,100"
"07/17/2008","27.58","27.91","27.11","27.52","96,206,330"
"07/16/2008","26.13","27.29","25.92","27.26","82,035,860"
"07/15/2008","24.93","26.64","24.93","26.15","92,707,800"
"07/14/2008","25.48","25.81","25.07","25.15","51,212,360"
"07/11/2008","25.155","25.64","24.87","25.25","68,105,520"
"07/10/2008","25.2","25.67","24.98","25.45","56,734,290"
"07/09/2008","25.785","25.85","25.18","25.23","54,171,640"
"07/08/2008","25.925","26.2","25.51","25.85","65,549,400"
"07/07/2008","26.11","26.39","25.45","26.03","71,451,590"
"07/03/2008","25.97","26.1","25.6","25.98","37,076,430"
"07/02/2008","26.895","27","25.8788","25.88","84,651,330"
"07/01/2008","27.265","27.38","26.44","26.87","99,923,370"
"06/30/2008","27.73","27.98","27.49","27.51","57,794,240"
"06/27/2008","27.68","27.91","27.46","27.63","72,755,010"
"06/26/2008","28.03","28.2","27.745","27.75","67,028,650"
"06/25/2008","27.81","28.67","27.76","28.35","64,239,080"
"06/24/2008","27.92","28.01","27.51","27.73","65,216,930"
"06/23/2008","28.3","28.41","27.79","27.97","57,145,100"
"06/20/2008","28.895","28.92","28.1","28.23","97,477,440"
"06/19/2008","28.55","29.19","28.33","28.93","62,037,500"
"06/18/2008","28.55","28.86","28.46","28.46","49,676,540"
"06/17/2008","29.04","29.12","28.79","28.8","44,251,660"
"06/16/2008","29.02","29.11","28.64","28.93","74,718,890"
"06/13/2008","28.63","29.57","28.5","29.07","131,893,900"
"06/12/2008","27.4","28.55","27.19","28.24","113,926,900"
"06/11/2008","27.85","27.94","27.11","27.12","58,100,640"
"06/10/2008","27.36","28.29","27.32","27.89","77,395,110"
"06/09/2008","27.65","27.91","27.3","27.71","66,769,170"
"06/06/2008","27.99","28.17","27.49","27.49","78,464,610"
"06/05/2008","27.72","28.3","27.6","28.3","76,004,800"
"06/04/2008","27.28","27.64","27.2","27.54","79,561,410"
"06/03/2008","27.91","28.31","27.27","27.31","86,585,120"
"06/02/2008","28.24","28.36","27.55","27.8","76,982,600"
"05/30/2008","28.38","28.7","28.2","28.32","63,022,370"
"05/29/2008","28.21","28.68","28.14","28.31","47,665,230"
"05/28/2008","28.555","28.57","28.04","28.18","52,031,390"
"05/27/2008","28.11","28.5","28.05","28.44","47,246,560"
"05/23/2008","28.26","28.33","27.95","28.05","48,889,820"
"05/22/2008","28.28","28.7","28.18","28.47","52,193,240"
"05/21/2008","28.81","29.05","28.19","28.25","60,089,100"
"05/20/2008","29.3","29.31","28.63","28.76","75,614,890"
"05/19/2008","29.87","29.89","29.31","29.46","59,614,790"
"05/16/2008","30.47","30.48","29.92","29.99","81,533,310"
"05/15/2008","29.98","30.53","29.94","30.4501","53,355,110"
"05/14/2008","29.89","30.26","29.73","29.93","66,729,840"
"05/13/2008","30","30.13","29.53","29.78","70,899,880"
"05/12/2008","29.4","30.06","29.35","29.99","64,278,790"
"05/09/2008","29.21","29.55","28.95","29.39","51,574,080"
"05/08/2008","29.28","29.39","29","29.27","69,584,950"
"05/07/2008","29.69","30.14","29.08","29.21","88,770,350"
"05/06/2008","29","29.86","28.93","29.7","93,529,370"
"05/05/2008","29.93","30.23","28.99","29.08","119,577,800"
"05/02/2008","29.59","29.62","28.86","29.24","65,947,810"
"05/01/2008","28.5","29.49","28.48","29.4","71,614,780"
"04/30/2008","28.74","29.21","28.51","28.52","74,597,610"
"04/29/2008","28.8","28.9","28.45","28.64","84,386,600"
"04/28/2008","29.8","29.835","28.82","28.99","97,218,450"
"04/25/2008","30.05","30.39","29.6","29.83","145,109,200"
"04/24/2008","31.63","32.1","31.16","31.8","115,252,100"
"04/23/2008","30.45","31.46","30.3","31.45","98,102,990"
"04/22/2008","30.64","30.7","29.97","30.25","67,286,580"
"04/21/2008","30.19","30.6","30.12","30.42","54,329,380"
"04/18/2008","30.01","30.1","29.61","30","73,557,980"
"04/17/2008","29.12","29.34","28.9","29.22","48,723,640"
"04/16/2008","28.57","29.05","28.38","28.95","54,056,380"
"04/15/2008","28.12","28.48","28.03","28.25","34,027,570"
"04/14/2008","28.24","28.31","27.93","28.06","43,344,750"
"04/11/2008","28.87","29.01","28.21","28.28","49,011,020"
"04/10/2008","28.83","29.4","28.8","29.11","65,588,520"
"04/09/2008","28.72","29.04","28.54","28.89","45,838,740"
"04/08/2008","28.94","29","28.54","28.75","44,727,570"
"04/07/2008","29.55","29.59","29.03","29.16","44,378,560"
"04/04/2008","29.13","29.26","28.74","29.16","43,796,270"
"04/03/2008","29","29.32","28.8","29","38,904,650"
"04/02/2008","29.565","29.58","29","29.16","49,494,390"
"04/01/2008","28.83","29.54","28.63","29.4999","65,718,540"
"03/31/2008","27.88","28.59","27.84","28.38","46,686,580"
"03/28/2008","28.23","28.43","27.83","27.91","49,220,280"
"03/27/2008","28.48","28.49","28","28.05","47,684,310"
"03/26/2008","29.03","29.07","28.38","28.56","44,823,620"
"03/25/2008","29.33","29.37","28.94","29.14","49,142,280"
"03/24/2008","29.33","29.4","29.06","29.17","47,863,770"
"03/20/2008","28.74","29.2215","28.59","29.18","60,121,990"
"03/19/2008","29.38","29.59","28.62","28.62","61,440,530"
"03/18/2008","28.67","29.4815","28.67","29.42","83,322,390"
"03/17/2008","27.3","28.73","27.28","28.3","83,102,590"
"03/14/2008","28.72","29.01","27.64","27.96","105,060,400"
"03/13/2008","28.54","28.99","28.16","28.62","84,535,310"
"03/12/2008","29.43","29.49","28.54","28.63","75,622,100"
"03/11/2008","28.4","29.34","28.38","29.28","95,020,750"
"03/10/2008","27.83","28.26","27.75","28.05","71,722,750"
"03/07/2008","27.34","28.07","27.32","27.87","77,534,180"
"03/06/2008","28.06","28.17","27.5","27.57","91,084,760"
"03/05/2008","27.75","28.41","27.7","28.1199","106,432,300"
"03/04/2008","27.02","27.63","26.96","27.59","86,897,200"
"03/03/2008","27.24","27.3901","26.87","26.99","76,487,220"
"02/29/2008","27.69","27.83","27.02","27.1999","117,384,700"
"02/28/2008","28.02","28.27","27.8","27.93","82,966,170"
"02/27/2008","28.19","28.68","28.1","28.26","75,175,560"
"02/26/2008","27.74","28.86","27.67","28.38","108,234,900"
"02/25/2008","27.65","28.24","27.48","27.84","109,927,500"
"02/22/2008","28.24","28.39","27.2","27.68","125,677,700"
"02/21/2008","28.62","28.96","27.96","28.1","98,348,540"
"02/20/2008","28.15","28.26","27.92","28.22","92,829,380"
"02/19/2008","28.8","28.84","28.07","28.17","68,252,040"
"02/15/2008","28.31","28.64","28.25","28.42","66,212,750"
"02/14/2008","28.88","29.04","28.46","28.5","68,190,540"
"02/13/2008","28.62","29.05","28.53","28.96","88,979,170"
"02/12/2008","28.43","28.62","28.11","28.34","84,326,400"
"02/11/2008","28.52","28.61","27.91","28.21","156,781,900"
"02/08/2008","28.29","29.08","28.24","28.56","124,829,300"
"02/07/2008","28.34","28.78","27.9","28.12","164,867,400"
"02/06/2008","29.28","29.35","28.289","28.52","137,761,300"
"02/05/2008","29.91","29.94","28.89","29.07","137,503,000"
"02/04/2008","30.49","30.72","30.11","30.19","119,988,100"
"02/01/2008","31.055","33.25","30.25","30.4498","290,891,200"
"01/31/2008","31.91","32.74","31.72","32.6","103,342,800"
"01/30/2008","32.56","32.8","32.05","32.2","106,101,800"
"01/29/2008","32.85","32.89","32.35","32.6","68,001,470"
"01/28/2008","33.02","33.1","32.42","32.72","80,966,500"
"01/25/2008","34.9","35","32.87","32.94","196,464,900"
"01/24/2008","32.35","33.36","32.12","33.25","154,927,900"
"01/23/2008","31.48","32.05","31.04","31.93","137,007,300"
"01/22/2008","31.54","32.53","31.5","31.99","108,652,500"
"01/18/2008","33.16","34","32.97","33.01","114,730,500"
"01/17/2008","33.54","33.8","32.97","33.11","93,569,770"
"01/16/2008","33.42","33.65","32.51","33.23","120,777,400"
"01/15/2008","34.03","34.38","34","34","61,250,370"
"01/14/2008","34.46","34.57","34.08","34.39","52,790,010"
"01/11/2008","34.14","34.24","33.72","33.91","55,164,390"
"01/10/2008","34.35","34.5","33.78","34.33","72,445,500"
"01/09/2008","33.36","34.54","33.35","34.44","74,283,500"
"01/08/2008","34.71","34.71","33.4","33.45","78,870,960"
"01/07/2008","34.55","34.8","34.25","34.61","80,159,170"
"01/04/2008","35.19","35.2","34.09","34.38","72,085,150"
"01/03/2008","35.22","35.65","34.86","35.37","49,598,310"
"01/02/2008","35.79","35.96","35","35.22","62,988,680"
"12/31/2007","35.9","35.99","35.52","35.6","34,696,830"
"12/28/2007","36.1","36.23","35.67","36.12","32,825,820"
"12/27/2007","36.35","36.5501","35.94","35.97","33,310,560"
"12/26/2007","36.41","36.64","36.26","36.61","30,194,350"
"12/24/2007","36.13","36.72","36.05","36.58","29,621,020"
"12/21/2007","35.9","36.0625","35.75","36.06","83,234,260"
"12/20/2007","35.29","35.79","35.08","35.52","59,282,460"
"12/19/2007","34.69","35.14","34.38","34.79","58,440,870"
"12/18/2007","34.64","35","34.21","34.74","51,978,270"
"12/17/2007","35.03","35.13","34.36","34.39","55,913,800"
"12/14/2007","35.05","35.84","35.01","35.31","71,118,890"
"12/13/2007","34.48","35.45","34.28","35.22","73,925,730"
"12/12/2007","34.61","35.09","33.93","34.47","63,309,330"
"12/11/2007","34.73","34.99","33.93","34.1","54,768,800"
"12/10/2007","34.64","34.95","34.47","34.76","36,070,190"
"12/07/2007","34.61","34.7","34.22","34.53","40,462,270"
"12/06/2007","34.26","34.61","33.87","34.55","49,206,190"
"12/05/2007","33.14","34.52","33.03","34.15","84,863,910"
"12/04/2007","32.74","33.24","32.63","32.77","54,801,430"
"12/03/2007","33.5","33.6401","32.68","32.92","61,711,470"
"11/30/2007","33.92","34.12","33.19","33.6","70,825,770"
"11/29/2007","33.58","33.93","33.31","33.59","53,596,540"
"11/28/2007","33.38","33.89","32.9","33.7","88,172,080"
"11/27/2007","33.27","33.6","32.68","33.06","84,048,140"
"11/26/2007","34.09","34.37","32.93","32.97","80,310,270"
"11/23/2007","34.36","34.44","33.71","34.11","33,468,110"
"11/21/2007","34.4","34.73","34.18","34.23","89,519,870"
"11/20/2007","34.23","34.97","34.1","34.58","98,491,480"
"11/19/2007","33.96","34.24","33.87","33.96","62,984,880"
"11/16/2007","33.86","34.26","33.71","34.09","71,111,610"
"11/15/2007","33.76","34.1","33.55","33.76","62,333,640"
"11/14/2007","34.62","34.75","33.75","33.93","83,828,770"
"11/13/2007","33.54","34.67","33.38","34.46","104,260,000"
"11/12/2007","33.32","33.71","33.02","33.38","84,718,990"
"11/09/2007","34.18","34.54","33.65","33.73","125,108,700"
"11/08/2007","35.6","35.9","34.4","34.74","122,745,500"
"11/07/2007","36.04","36.16","35.45","35.52","74,842,300"
"11/06/2007","36.59","36.66","35.87","36.41","100,919,400"
"11/05/2007","36.76","37.1","36.63","36.73","75,375,520"
"11/02/2007","37.22","37.5","36.42","37.06","96,389,260"
"11/01/2007","36.53","37.49","36.36","37.06","151,051,200"
"10/31/2007","35.52","37","35.51","36.81","185,564,500"
"10/30/2007","34.37","35.59","34.35","35.57","107,277,300"
"10/29/2007","34.85","35.29","34.45","34.57","114,619,600"
"10/26/2007","36.01","36.03","34.56","35.03","287,249,700"
"10/25/2007","31.57","32.22","31.49","31.99","166,351,400"
"10/24/2007","30.85","31.3","30.5","31.25","77,666,630"
"10/23/2007","30.71","31.12","30.71","30.9","49,878,260"
"10/22/2007","30.12","30.7","30.12","30.51","58,770,470"
"10/19/2007","31.09","31.09","30.11","30.17","75,097,600"
"10/18/2007","31.22","31.23","30.63","31.16","48,291,900"
"10/17/2007","30.75","31.23","30.65","31.08","85,137,520"
"10/16/2007","30.24","30.58","30.23","30.32","55,889,330"
"10/15/2007","30.1","30.33","30","30.04","47,133,380"
"10/12/2007","30.03","30.4","29.95","30.17","31,095,240"
"10/11/2007","30.3","30.63","29.79","29.91","49,981,310"
"10/10/2007","30.04","30.37","30.03","30.23","32,232,550"
"10/09/2007","30.03","30.39","30","30.0999","63,514,480"
"10/08/2007","29.66","29.85","29.6","29.84","30,264,660"
"10/05/2007","29.89","29.99","29.73","29.84","45,012,120"
"10/04/2007","29.56","29.77","29.44","29.71","37,795,750"
"10/03/2007","29.71","29.85","29.29","29.4525","37,601,950"
"10/02/2007","29.7","29.85","29.57","29.7","33,544,700"
"10/01/2007","29.46","29.79","29.41","29.7701","43,611,980"
"09/28/2007","29.49","29.69","29.23","29.46","45,792,130"
"09/27/2007","29.7","29.72","29.44","29.49","40,942,720"
"09/26/2007","29.68","29.85","29.48","29.5","60,326,570"
"09/25/2007","29.14","29.56","29.11","29.5599","75,484,780"
"09/24/2007","28.81","29.61","28.8","29.08","104,406,100"
"09/21/2007","28.69","28.81","28.44","28.6499","134,862,000"
"09/20/2007","28.48","28.58","28.34","28.4201","67,139,060"
"09/19/2007","28.87","28.91","28.3","28.67","94,208,160"
"09/18/2007","28.7","28.965","28.27","28.93","77,426,460"
"09/17/2007","28.79","28.88","28.62","28.725","39,514,630"
"09/14/2007","28.98","29.11","28.88","29.04","33,483,750"
"09/13/2007","29.12","29.26","28.96","29.16","34,523,010"
"09/12/2007","28.81","29.17","28.8","28.93","42,280,680"
"09/11/2007","28.63","28.95","28.58","28.93","34,350,460"
"09/10/2007","28.67","28.75","28.41","28.48","37,240,800"
"09/07/2007","28.62","28.83","28.32","28.44","52,129,100"
"09/06/2007","28.56","29.01","28.55","28.91","45,406,190"
"09/05/2007","28.65","28.73","28.42","28.48","47,668,400"
"09/04/2007","28.5","29.1","28.48","28.81","45,657,650"
"08/31/2007","28.7","28.92","28.36","28.73","42,519,860"
"08/30/2007","28.42","28.93","28.32","28.45","33,559,030"
"08/29/2007","28.13","28.61","27.82","28.59","45,753,770"
"08/28/2007","28.3","28.49","27.91","27.93","43,837,730"
"08/27/2007","28.61","28.77","28.4","28.49","32,780,710"
"08/24/2007","28.21","28.84","28.07","28.81","45,145,600"
"08/23/2007","28.28","28.33","28.1","28.3","33,882,890"
"08/22/2007","28.27","28.32","28.01","28.22","43,373,120"
"08/21/2007","28.1","28.32","27.87","28.07","49,743,570"
"08/20/2007","28.18","28.4901","28.08","28.26","48,898,100"
"08/17/2007","28.09","28.25","27.82","28.25","76,737,760"
"08/16/2007","27.88","28.35","27.51","27.81","80,918,350"
"08/15/2007","28.24","28.99","28.05","28.1","48,111,160"
"08/14/2007","28.77","28.89","28.2","28.27","42,484,510"
"08/13/2007","28.94","28.99","28.44","28.63","55,096,940"
"08/10/2007","28.9","29.05","28.26","28.71","76,309,420"
"08/09/2007","29.64","30.1","28.92","28.92","72,587,410"
"08/08/2007","29.72","30.01","29.21","30","52,764,840"
"08/07/2007","29.33","29.79","29.05","29.55","48,158,710"
"08/06/2007","29.05","29.54","28.75","29.54","59,296,350"
"08/03/2007","29.45","29.78","28.9","28.9601","61,450,780"
"08/02/2007","29.19","29.79","29.02","29.52","47,937,940"
"08/01/2007","28.95","29.55","28.82","29.3","80,001,960"
"07/31/2007","29.71","29.716","28.98","28.99","66,553,950"
"07/30/2007","29.405","29.49","28.95","29.4","67,186,730"
"07/27/2007","29.93","30","29.36","29.3901","68,709,380"
"07/26/2007","30.24","30.53","29.51","29.98","86,996,820"
"07/25/2007","30.99","31.3","30.37","30.71","54,946,100"
"07/24/2007","31.01","31.48","30.71","30.8","59,728,260"
"07/23/2007","31.36","31.52","31.12","31.19","48,747,160"
"07/20/2007","31.15","31.2","30.79","31.16","98,102,700"
"07/19/2007","31.05","31.84","30.93","31.51","120,733,500"
"07/18/2007","30.51","30.97","30.5","30.92","64,400,420"
"07/17/2007","30.02","30.88","30.01","30.7799","77,523,560"
"07/16/2007","29.76","30.24","29.72","30.03","48,007,000"
"07/13/2007","29.94","30.02","29.66","29.82","42,125,070"
"07/12/2007","29.56","30.11","29.44","30.07","54,274,540"
"07/11/2007","29.24","29.65","29.21","29.49","47,970,370"
"07/10/2007","29.7","29.99","29.18","29.33","65,983,840"
"07/09/2007","29.86","29.95","29.81","29.87","33,729,130"
"07/06/2007","29.91","30.04","29.66","29.97","52,548,230"
"07/05/2007","30.05","30.22","29.83","29.99","47,658,000"
"07/03/2007","29.785","30.22","29.78","30.02","35,193,380"
"07/02/2007","29.67","29.8","29.49","29.74","47,315,930"
"06/29/2007","29.87","29.93","29.04","29.47","71,135,940"
"06/28/2007","29.86","29.97","29.68","29.83","46,055,170"
"06/27/2007","29.36","29.95","29.36","29.87","53,471,250"
"06/26/2007","29.55","29.8","29.5","29.52","48,303,490"
"06/25/2007","29.47","29.77","29.38","29.49","53,903,680"
"06/22/2007","30","30.1","29.45","29.49","85,734,080"
"06/21/2007","29.975","30.3","29.91","30.22","56,564,790"
"06/20/2007","30.44","30.51","29.96","30.01","46,706,600"
"06/19/2007","30.48","30.66","30.38","30.46","46,802,570"
"06/18/2007","30.69","30.72","30.42","30.51","45,544,050"
"06/15/2007","30.86","30.88","30.43","30.49","100,925,700"
"06/14/2007","30.35","30.71","30.3","30.52","58,675,050"
"06/13/2007","29.97","30.41","29.8501","30.39","64,435,580"
"06/12/2007","29.96","30.24","29.77","29.85","56,981,740"
"06/11/2007","29.94","30.25","29.93","30.02","48,400,160"
"06/08/2007","29.58","30.06","29.41","30.05","61,346,170"
"06/07/2007","30.02","30.29","29.59","29.62","71,970,400"
"06/06/2007","30.37","30.53","30.25","30.29","38,217,400"
"06/05/2007","30.62","30.63","30.33","30.58","44,264,640"
"06/04/2007","30.42","30.76","30.4","30.715","41,434,460"
"06/01/2007","30.79","30.9","30.55","30.59","39,212,210"
"05/31/2007","31.12","31.16","30.61","30.6901","85,284,350"
"05/30/2007","30.55","31.13","30.51","31.11","57,376,740"
"05/29/2007","30.49","30.83","30.39","30.79","42,369,940"
"05/25/2007","30.28","30.66","30.18","30.48","47,725,920"
"05/24/2007","30.54","30.8","29.96","30.17","64,046,360"
"05/23/2007","30.84","30.84","30.57","30.58","46,317,040"
"05/22/2007","30.9","30.93","30.66","30.69","39,999,450"
"05/21/2007","30.73","31.16","30.73","31.05","41,836,400"
"05/18/2007","30.97","30.99","30.58","30.83","58,303,680"
"05/17/2007","31.03","31.14","30.96","30.98","41,045,230"
"05/16/2007","31","31.09","30.81","31.07","45,833,550"
"05/15/2007","30.9","31.09","30.84","30.9","75,013,860"
"05/14/2007","30.84","30.99","30.81","30.97","70,188,260"
"05/11/2007","30.57","30.98","30.55","30.89","43,517,820"
"05/10/2007","30.68","30.93","30.53","30.58","55,396,710"
"05/09/2007","30.7","30.93","30.57","30.7799","51,733,100"
"05/08/2007","30.68","30.94","30.58","30.75","60,551,420"
"05/07/2007","30.52","30.7601","30.48","30.71","59,888,560"
"05/04/2007","30.68","30.7","30.29","30.56","104,383,900"
"05/03/2007","30.6","31","30.53","30.97","82,032,070"
"05/02/2007","30.39","30.69","30.3","30.61","80,657,280"
"05/01/2007","29.94","30.42","29.9","30.1925","73,558,450"
"04/30/2007","30.13","30.37","29.94","29.94","67,784,950"
"04/27/2007","30.17","30.74","30","30.12","128,298,800"
"04/26/2007","29.09","29.35","28.91","29.1","68,490,060"
"04/25/2007","28.86","29.0001","28.69","28.99","39,382,740"
"04/24/2007","28.79","28.96","28.59","28.79","34,236,650"
"04/23/2007","28.96","28.99","28.67","28.78","41,739,100"
"04/20/2007","28.98","29.1","28.7","29.02","60,615,260"
"04/19/2007","28.34","28.89","28.26","28.69","44,828,540"
"04/18/2007","28.61","28.67","28.36","28.6","41,765,330"
"04/17/2007","28.63","28.89","28.56","28.85","33,169,760"
"04/16/2007","28.6","28.75","28.21","28.73","30,700,090"
"04/13/2007","28.43","28.7","28.1","28.61","35,913,420"
"04/12/2007","28.06","28.62","28.04","28.54","43,762,050"
"04/11/2007","28.3","28.57","27.99","28.11","44,046,160"
"04/10/2007","28.5","28.64","28.22","28.4","38,643,070"
"04/09/2007","28.575","28.72","28.39","28.57","31,384,530"
"04/05/2007","28.32","28.65","28.3","28.55","30,131,190"
"04/04/2007","28.01","28.78","27.9","28.5","63,243,560"
"04/03/2007","27.86","28.06","27.75","27.87","39,748,210"
"04/02/2007","27.89","27.93","27.56","27.74","41,809,380"
"03/30/2007","27.75","27.95","27.5","27.87","47,060,920"
"03/29/2007","27.84","27.845","27.49","27.75","42,625,480"
"03/28/2007","27.58","28","27.4","27.64","49,018,990"
"03/27/2007","28.04","28.16","27.65","27.72","58,981,230"
"03/26/2007","27.94","28.22","27.7","28.22","47,321,000"
"03/23/2007","28.22","28.27","27.8","28.02","50,519,440"
"03/22/2007","28.52","28.55","28.01","28.27","47,934,750"
"03/21/2007","27.895","28.52","27.56","28.52","72,808,050"
"03/20/2007","27.93","28.16","27.76","27.84","47,897,530"
"03/19/2007","27.34","27.83","27.2","27.83","49,411,160"
"03/16/2007","27.35","27.48","27.2","27.33","65,036,100"
"03/15/2007","27.32","27.47","27.2","27.28","51,740,420"
"03/14/2007","26.82","27.4","26.73","27.4","75,642,560"
"03/13/2007","27.25","27.4","26.71","26.72","74,969,510"
"03/12/2007","27.18","27.48","27.13","27.44","36,474,780"
"03/09/2007","27.42","27.48","27.03","27.28","79,961,760"
"03/08/2007","27.72","27.85","26.6","27.32","72,100,530"
"03/07/2007","27.76","27.9","27.55","27.61","51,222,220"
"03/06/2007","27.8","27.94","27.65","27.83","49,354,560"
"03/05/2007","27.49","27.91","27.41","27.5499","56,139,030"
"03/02/2007","28.02","28.16","27.76","27.76","63,253,430"
"03/01/2007","27.82","28.33","27.73","28.09","80,173,450"
"02/28/2007","27.95","28.25","27.92","28.17","86,325,610"
"02/27/2007","28.71","28.97","27.79","27.87","87,123,330"
"02/26/2007","28.96","29.12","28.82","29.07","63,520,910"
"02/23/2007","29.22","29.28","28.89","28.9","63,741,970"
"02/22/2007","29.305","29.54","29.16","29.39","57,749,690"
"02/21/2007","28.75","29.39","28.74","29.35","68,570,440"
"02/20/2007","28.64","28.86","28.47","28.83","53,966,250"
"02/16/2007","28.89","28.94","28.6499","28.74","109,329,100"
"02/15/2007","29.57","29.65","29.22","29.46","63,410,020"
"02/14/2007","29.165","29.69","29.15","29.4","55,589,570"
"02/13/2007","29.045","29.2","28.96","29.01","50,348,040"
"02/12/2007","28.89","29.09","28.83","28.94","52,560,750"
"02/09/2007","29.345","29.4","28.93","28.98","69,808,500"
"02/08/2007","29.255","29.8","29.2","29.26","48,679,490"
"02/07/2007","29.64","29.7","29.2499","29.37","65,138,390"
"02/06/2007","29.59","29.7501","29.22","29.51","78,824,020"
"02/05/2007","29.98","30.02","29.41","29.61","99,093,550"
"02/02/2007","30.825","30.84","30.13","30.19","60,400,210"
"02/01/2007","30.84","30.94","30.37","30.56","53,768,940"
"01/31/2007","30.42","31.1","30.35","30.86","73,881,200"
"01/30/2007","30.57","30.64","30.14","30.48","61,883,740"
"01/29/2007","30.675","30.78","30.34","30.53","57,603,620"
"01/26/2007","31.225","31.23","30.6","30.6","96,082,540"
"01/25/2007","31.085","31.48","30.45","30.45","95,942,730"
"01/24/2007","30.78","31.3","30.65","31.09","58,509,450"
"01/23/2007","30.63","30.96","30.52","30.74","49,167,220"
"01/22/2007","31.065","31.12","30.51","30.72","55,139,630"
"01/19/2007","30.72","31.11","30.69","31.11","75,816,290"
"01/18/2007","31.14","31.37","30.8","31","56,006,360"
"01/17/2007","31.26","31.44","31.01","31.1","58,495,680"
"01/16/2007","31.26","31.45","31.03","31.16","62,276,310"
"01/12/2007","30.65","31.39","30.64","31.21","103,960,300"
"01/11/2007","29.755","30.75","29.6499","30.7","99,329,240"
"01/10/2007","29.8","29.89","29.43","29.66","55,013,970"
"01/09/2007","30","30.18","29.73","29.96","44,622,080"
"01/08/2007","29.65","30.1","29.53","29.93","50,148,180"
"01/05/2007","29.63","29.75","29.45","29.64","44,517,320"
"01/04/2007","29.695","29.97","29.44","29.81","45,705,970"
"01/03/2007","29.915","30.25","29.4","29.86","76,901,840"
"12/29/2006","29.86","30.15","29.83","29.86","9,999,999"
"12/28/2006","29.86","30.03","29.81","29.98","26,690,500"
"12/27/2006","29.99","30.13","29.91","30.02","31,246,240"
"12/26/2006","29.53","30","29.4","29.99","37,094,280"
"12/22/2006","29.82","29.86","29.62","29.64","37,971,760"
"12/21/2006","30.13","30.14","29.89","29.98","32,147,700"
"12/20/2006","29.985","30.24","29.97","30.09","31,421,860"
"12/19/2006","29.695","30.17","29.53","29.99","53,672,650"
"12/18/2006","30.19","30.26","29.78","29.89","56,905,180"
"12/15/2006","30.145","30.23","30.03","30.19","102,714,700"
"12/14/2006","29.545","30.0801","29.52","30.07","84,192,830"
"12/13/2006","29.6","29.6","29.32","29.55","45,658,920"
"12/12/2006","29.52","29.63","29.22","29.43","68,808,970"
"12/11/2006","29.185","29.75","29.11","29.54","107,596,800"
"12/08/2006","28.82","29.4","28.8","29.4","108,852,300"
"12/07/2006","28.96","29.07","28.81","28.85","46,831,180"
"12/06/2006","29.095","29.13","28.87","28.99","48,516,150"
"12/05/2006","29.36","29.4","29.03","29.13","45,577,180"
"12/04/2006","29.225","29.52","29.17","29.33","55,127,950"
"12/01/2006","29.23","29.3","28.8999","29.12","72,253,490"
"11/30/2006","29.42","29.57","29.3259","29.36","53,193,720"
"11/29/2006","29.44","29.78","29.43","29.57","58,775,010"
"11/28/2006","29.34","29.42","29.13","29.39","52,594,300"
"11/27/2006","29.68","29.74","29.33","29.48","72,707,250"
"11/24/2006","29.66","29.84","29.64","29.76","20,469,690"
"11/22/2006","29.975","30","29.82","29.92","43,907,210"
"11/21/2006","29.91","30.0001","29.79","29.92","66,445,710"
"11/20/2006","29.52","30","29.5","29.89","85,702,960"
"11/17/2006","29.31","29.54","29.28","29.4","49,236,690"
"11/16/2006","29.135","29.64","29.13","29.47","64,324,350"
"11/15/2006","29.125","29.3601","29.11","29.12","63,707,990"
"11/14/2006","29.28","29.42","29.07","29.2285","63,011,830"
"11/13/2006","29.2","29.46","29.16","29.35","47,269,810"
"11/10/2006","29.175","29.29","29.15","29.24","36,928,550"
"11/09/2006","29.075","29.4","29","29.26","89,407,470"
"11/08/2006","28.775","29.23","28.66","28.98","77,373,750"
"11/07/2006","28.855","29.0701","28.7999","28.95","56,504,450"
"11/06/2006","28.765","29.05","28.76","28.84","60,427,540"
"11/03/2006","28.86","28.93","28.61","28.73","41,113,450"
"11/02/2006","28.68","28.86","28.58","28.77","58,670,540"
"11/01/2006","28.78","28.99","28.7","28.81","75,895,990"
"10/31/2006","28.63","28.8501","28.56","28.71","61,775,620"
"10/30/2006","28.355","28.84","28.32","28.53","47,293,940"
"10/27/2006","28.49","28.79","28.25","28.34","89,021,940"
"10/26/2006","28.33","28.41","28.04","28.35","69,610,960"
"10/25/2006","28.28","28.46","28.14","28.31","40,487,940"
"10/24/2006","28.43","28.43","28.13","28.28","61,242,170"
"10/23/2006","28.33","28.69","28.18","28.45","48,438,150"
"10/20/2006","28.48","28.49","28.17","28.43","48,887,780"
"10/19/2006","28.35","28.451","28.12","28.29","44,731,400"
"10/18/2006","28.5","28.7001","28.26","28.52","40,495,300"
"10/17/2006","28.24","28.51","28.17","28.44","40,117,800"
"10/16/2006","28.48","28.6","28.3299","28.45","49,732,960"
"10/13/2006","28.35","28.69","28.31","28.37","129,746,100"
"10/12/2006","27.58","28.29","27.54","28.22","120,113,400"
"10/11/2006","27.45","27.67","27.42","27.54","37,222,280"
"10/10/2006","27.69","27.75","27.44","27.69","34,597,770"
"10/09/2006","27.8","27.93","27.62","27.72","33,365,850"
"10/06/2006","27.76","28.0002","27.65","27.87","36,445,910"
"10/05/2006","27.925","28.11","27.78","27.92","81,317,160"
"10/04/2006","27.39","27.96","27.37","27.94","82,191,190"
"10/03/2006","27.37","27.48","27.21","27.37","39,351,970"
"10/02/2006","27.32","27.49","27.15","27.36","52,928,740"
"09/29/2006","27.35","27.42","27.21","27.35","34,292,400"
"09/28/2006","27.47","27.52","27.26","27.4","44,174,510"
"09/27/2006","27.18","27.47","27.12","27.44","66,211,240"
"09/26/2006","26.91","27.32","26.88","27.2","54,666,820"
"09/25/2006","26.81","27.19","26.79","26.95","67,873,570"
"09/22/2006","26.83","26.85","26.48","26.66","47,712,240"
"09/21/2006","27.24","27.25","26.85","26.9","58,478,990"
"09/20/2006","27.01","27.23","26.99","27.18","71,565,870"
"09/19/2006","26.74","26.94","26.72","26.86","43,032,370"
"09/18/2006","26.74","27.04","26.67","26.79","49,132,560"
"09/15/2006","26.49","26.94","26.49","26.85","125,939,200"
"09/14/2006","25.99","26.5","25.98","26.33","74,321,630"
"09/13/2006","25.825","26.1","25.49","25.98","37,706,270"
"09/12/2006","25.9","25.9801","25.7199","25.93","52,243,780"
"09/11/2006","25.43","25.95","25.42","25.91","55,600,780"
"09/08/2006","25.53","25.79","25.46","25.6","36,864,360"
"09/07/2006","25.48","25.7","25.39","25.43","51,265,910"
"09/06/2006","25.51","25.72","25.51","25.61","50,134,730"
"09/05/2006","25.67","25.96","25.56","25.61","44,203,810"
"09/01/2006","25.89","25.97","25.64","25.84","31,592,400"
"08/31/2006","25.87","25.98","25.68","25.7","26,313,400"
"08/30/2006","25.85","25.89","25.64","25.8","30,313,070"
"08/29/2006","25.915","25.98","25.63","25.84","42,711,170"
"08/28/2006","25.84","26","25.69","25.95","34,190,950"
"08/25/2006","25.71","26","25.69","25.85","32,964,430"
"08/24/2006","25.815","25.86","25.5","25.74","35,928,450"
"08/23/2006","25.645","25.95","25.52","25.67","44,051,090"
"08/22/2006","26.005","26.2501","25.62","25.62","88,869,590"
"08/21/2006","25.665","26.13","25.56","26.12","88,396,250"
"08/18/2006","25.045","25.8","24.98","25.79","128,409,700"
"08/17/2006","24.7","24.75","24.61","24.7","45,320,210"
"08/16/2006","24.605","24.73","24.47","24.7","52,293,650"
"08/15/2006","24.555","24.65","24.44","24.62","48,992,630"
"08/14/2006","24.52","24.6","24.35","24.53","46,618,440"
"08/11/2006","24.41","24.45","24.2","24.43","30,255,070"
"08/10/2006","24.37","24.6","24.34","24.46","31,750,380"
"08/09/2006","24.49","24.64","24.34","24.44","44,318,870"
"08/08/2006","24.39","24.52","24.2","24.34","58,131,990"
"08/07/2006","24.28","24.48","24.19","24.22","36,868,140"
"08/04/2006","24.405","24.4901","24.15","24.29","45,687,440"
"08/03/2006","24.185","24.48","24.15","24.21","43,139,940"
"08/02/2006","24.115","24.4001","24.03","24.3","46,447,010"
"08/01/2006","24.02","24.2001","23.85","23.99","49,016,360"
"07/31/2006","24.07","24.42","24.01","24.06","40,244,370"
"07/28/2006","24.08","24.28","24.06","24.25","51,698,790"
"07/27/2006","24.585","24.6","23.77","23.87","85,380,080"
"07/26/2006","24.115","24.53","24.1","24.37","54,940,410"
"07/25/2006","24","24.29","23.9","24.22","60,065,570"
"07/24/2006","24.01","24.1101","23.79","24","59,050,800"
"07/21/2006","24.06","24.15","23","23.87","175,436,400"
"07/20/2006","23.435","23.45","22.78","22.85","75,380,900"
"07/19/2006","22.82","23.46","22.72","23.4","82,184,880"
"07/18/2006","22.59","22.76","22.48","22.74","65,046,300"
"07/17/2006","22.29","22.61","22.26","22.48","37,052,460"
"07/14/2006","22.29","22.55","22.23","22.29","67,492,860"
"07/13/2006","22.37","22.61","22.25","22.26","72,858,340"
"07/12/2006","22.79","22.88","22.62","22.64","77,374,580"
"07/11/2006","23.365","23.37","22.74","23.1","88,661,280"
"07/10/2006","23.43","23.66","23.38","23.5","50,564,570"
"07/07/2006","23.405","23.55","23.3","23.3","63,168,480"
"07/06/2006","23.44","23.61","23.42","23.48","44,773,530"
"07/05/2006","23.48","23.52","23.3","23.35","53,081,120"
"07/03/2006","23.535","23.72","23.45","23.7","25,711,430"
"06/30/2006","23.54","23.65","23.3","23.3","70,659,500"
"06/29/2006","23.32","23.63","23.22","23.4702","121,353,200"
"06/28/2006","22.93","23.25","22.91","23.16","71,901,260"
"06/27/2006","22.89","23.16","22.84","22.86","84,716,150"
"06/26/2006","22.65","22.89","22.63","22.82","47,334,710"
"06/23/2006","22.85","22.87","22.5","22.5","60,509,180"
"06/22/2006","23.06","23.17","22.78","22.88","76,643,690"
"06/21/2006","22.61","23.15","22.53","23.08","91,095,350"
"06/20/2006","22.54","22.7601","22.5","22.56","90,284,380"
"06/19/2006","22.145","22.6","22.12","22.55","129,629,200"
"06/16/2006","21.975","22.28","21.79","22.1","147,213,200"
"06/15/2006","22.01","22.1301","21.8","22.07","121,136,600"
"06/14/2006","21.59","21.94","21.55","21.88","86,063,190"
"06/13/2006","21.735","22.03","21.4599","21.51","112,810,000"
"06/12/2006","21.96","22.1","21.7","21.71","74,305,710"
"06/09/2006","22.145","22.19","21.89","21.92","52,562,220"
"06/08/2006","22.03","22.21","21.97","22.11","104,062,200"
"06/07/2006","22.15","22.39","22.01","22.04","73,822,980"
"06/06/2006","22.55","22.56","21.98","22.13","126,600,300"
"06/05/2006","22.72","22.73","22.49","22.5","63,888,610"
"06/02/2006","22.87","22.99","22.67","22.76","73,922,970"
"06/01/2006","22.74","22.84","22.62","22.82","80,221,750"
"05/31/2006","23.26","23.35","22.65","22.65","119,730,500"
"05/30/2006","23.555","23.76","23.14","23.15","52,383,530"
"05/26/2006","23.77","23.88","23.56","23.72","46,860,560"
"05/25/2006","23.67","23.9201","23.54","23.74","83,051,770"
"05/24/2006","22.99","23.54","22.98","23.5","107,345,200"
"05/23/2006","23.105","23.3801","22.77","22.79","79,965,400"
"05/22/2006","22.48","23.02","22.45","22.88","87,321,170"
"05/19/2006","22.79","22.9","22.52","22.56","100,059,000"
"05/18/2006","22.84","23.14","22.76","22.83","95,324,620"
"05/17/2006","22.9","23.0801","22.73","22.73","98,145,650"
"05/16/2006","23.16","24","22.91","23.01","82,093,800"
"05/15/2006","23.1","23.23","23.03","23.15","67,313,150"
"05/12/2006","23.125","23.37","23.05","23.17","83,107,170"
"05/11/2006","23.71","23.79","23.15","23.22","92,655,240"
"05/10/2006","23.67","23.79","23.59","23.77","76,562,470"
"05/09/2006","23.745","24","23.49","23.62","75,325,990"
"05/08/2006","23.86","25","23.51","23.73","80,691,510"
"05/05/2006","23.665","23.9501","23.52","23.8","131,228,300"
"05/04/2006","23.35","23.67","23.14","23.44","171,232,900"
"05/03/2006","23.38","24.02","23.15","23.17","211,426,200"
"05/02/2006","24.49","25","23.9","24.01","190,352,400"
"05/01/2006","24.325","25","24.09","24.29","174,748,200"
"04/28/2006","24.38","24.5","24","24.15","590,729,100"
"04/27/2006","26.99","27.63","26.94","27.25","93,891,620"
"04/26/2006","27.085","27.23","27","27.1","39,177,620"
"04/25/2006","27.115","27.21","27.02","27.11","49,156,230"
"04/24/2006","27.075","27.2501","26.98","27.11","42,316,720"
"04/21/2006","27.1","27.3901","27","27.15","58,525,640"
"04/20/2006","27.05","27.19","26.7","27.03","45,643,840"
"04/19/2006","27.105","27.19","26.96","27.03","45,109,150"
"04/18/2006","26.94","27.5","26.82","27.22","55,608,720"
"04/17/2006","27.03","27.05","26.73","26.84","35,793,160"
"04/13/2006","27.085","27.2","27","27.07","28,160,050"
"04/12/2006","27.1","27.2","26.97","27.2","32,163,220"
"04/11/2006","27.29","27.32","27","27.13","42,923,460"
"04/10/2006","27.235","27.44","27.2","27.29","39,431,980"
"04/07/2006","27.615","27.72","27.23","27.25","47,249,380"
"04/06/2006","27.66","27.72","27.37","27.56","51,394,520"
"04/05/2006","27.88","27.941","27.64","27.74","41,532,100"
"04/04/2006","27.605","27.8","27.47","27.64","45,470,030"
"04/03/2006","27.67","27.73","27.44","27.56","57,600,860"
"03/31/2006","27.3","27.541","27.21","27.21","62,125,520"
"03/30/2006","27.03","27.39","27","27.23","54,589,290"
"03/29/2006","26.95","27.2","26.92","27.02","53,150,250"
"03/28/2006","27.015","27.21","26.81","26.9","58,470,810"
"03/27/2006","27.025","27.3","27","27.01","59,648,790"
"03/24/2006","26.715","27.21","26.62","27.01","69,156,990"
"03/23/2006","27.085","27.1","26.66","26.85","73,667,620"
"03/22/2006","27.085","27.5","26.7961","27.15","145,694,700"
"03/21/2006","27.97","28.22","27.68","27.74","70,504,710"
"03/20/2006","27.695","27.99","27.67","27.89","67,093,420"
"03/17/2006","27.38","27.66","27.27","27.5","120,613,600"
"03/16/2006","27.325","27.48","27.22","27.27","73,785,790"
"03/15/2006","27.2","27.4501","27.01","27.36","57,129,270"
"03/14/2006","27.035","27.38","26.99","27.23","39,819,490"
"03/13/2006","27.18","27.29","26.94","27.11","40,342,520"
"03/10/2006","27.06","27.22","26.88","27.17","41,293,590"
"03/09/2006","27.27","27.42","27","27","45,349,580"
"03/08/2006","27","27.5","26.97","27.25","57,439,000"
"03/07/2006","26.905","27.1","26.81","27.06","51,610,000"
"03/06/2006","26.92","27.15","26.83","26.91","53,052,930"
"03/03/2006","26.82","27.16","26.74","26.93","45,206,350"
"03/02/2006","27.01","27.1001","26.9","26.97","41,850,010"
"03/01/2006","26.96","27.2","26.95","27.14","52,596,080"
"02/28/2006","26.97","27.3","26.87","26.87","64,764,160"
"02/27/2006","26.78","27.26","26.67","27.05","51,459,790"
"02/24/2006","26.58","26.74","26.52","26.63","44,747,320"
"02/23/2006","26.75","26.8901","26.54","26.66","46,767,060"
"02/22/2006","26.53","26.86","26.47","26.72","43,042,160"
"02/21/2006","26.7","26.72","26.34","26.54","50,214,240"
"02/17/2006","26.66","26.75","26.56","26.7","41,505,290"
"02/16/2006","26.85","26.9001","26.57","26.81","48,862,160"
"02/15/2006","26.59","26.93","26.5","26.88","62,605,060"
"02/14/2006","26.4","26.68","26.35","26.65","58,432,850"
"02/13/2006","26.62","26.7","26.34","26.39","46,707,040"
"02/10/2006","26.62","26.89","26.51","26.69","52,125,900"
"02/09/2006","26.95","27.03","26.65","26.66","52,810,200"
"02/08/2006","27","27.08","26.71","26.91","51,794,180"
"02/07/2006","26.96","27.1501","26.81","26.94","72,147,650"
"02/06/2006","27.49","27.54","27.09","27.17","60,169,600"
"02/03/2006","27.47","27.7","27.34","27.54","75,020,720"
"02/02/2006","27.92","27.99","27.55","27.68","55,073,010"
"02/01/2006","28.02","28.07","27.76","28.04","68,426,310"
"01/31/2006","27.88","28.38","27.87","28.15","94,685,890"
"01/30/2006","27.81","28.18","27.78","28","103,998,800"
"01/27/2006","27.23","27.9501","27.19","27.79","134,517,900"
"01/26/2006","26.53","26.72","26.31","26.5","69,362,820"
"01/25/2006","26.42","26.57","26.23","26.4","59,070,510"
"01/24/2006","26.33","26.4501","26.22","26.28","63,034,200"
"01/23/2006","26.42","26.53","26.3","26.35","47,925,610"
"01/20/2006","27","27.01","26.26","26.41","79,180,870"
"01/19/2006","26.85","27.24","26.85","27.02","60,365,940"
"01/18/2006","26.75","26.98","26.7","26.83","52,495,590"
"01/17/2006","26.9","27.19","26.9","26.99","58,528,040"
"01/13/2006","27.02","27.2501","27.01","27.19","41,418,000"
"01/12/2006","27.23","27.26","26.97","27.14","45,984,390"
"01/11/2006","26.99","27.39","26.9","27.29","70,120,740"
"01/10/2006","26.63","27.02","26.59","27","64,920,950"
"01/09/2006","26.94","27.07","26.76","26.86","55,611,050"
"01/06/2006","26.89","27","26.49","26.91","100,945,300"
"01/05/2006","26.96","27.13","26.91","26.99","48,135,450"
"01/04/2006","26.77","27.0801","26.77","26.97","57,967,200"
"01/03/2006","26.25","27.001","26.1","26.84","79,970,550"
"12/30/2005","26.16","26.31","26.1","26.15","49,045,190"
"12/29/2005","26.37","26.5001","26.26","26.27","34,491,590"
"12/28/2005","26.51","26.662","26.35","26.39","35,444,290"
"12/27/2005","26.7","26.85","26.45","26.46","37,610,710"
"12/23/2005","26.52","26.6703","26.44","26.64","30,688,010"
"12/22/2005","26.7","26.78","26.419","26.59","91,276,960"
"12/21/2005","26.85","26.91","26.7098","26.73","73,129,430"
"12/20/2005","26.76","26.88","26.67","26.86","62,960,510"
"12/19/2005","26.7","26.87","26.65","26.83","68,686,960"
"12/16/2005","26.88","27.08","26.81","26.9","88,009,370"
"12/15/2005","27.09","27.11","26.81","26.92","79,012,300"
"12/14/2005","26.99","27.24","26.85","27.09","65,076,160"
"12/13/2005","27.26","27.43","27","27.1301","104,202,300"
"12/12/2005","27.69","27.75","27.33","27.45","63,757,270"
"12/09/2005","27.71","27.83","27.64","27.71","48,466,770"
"12/08/2005","27.7","27.81","27.6","27.69","63,213,220"
"12/07/2005","27.65","27.75","27.55","27.75","55,552,020"
"12/06/2005","27.9","27.921","27.68","27.69","65,800,540"
"12/05/2005","27.92","28.02","27.71","27.85","47,941,200"
"12/02/2005","27.81","28.1","27.79","28.01","42,317,080"
"12/01/2005","27.75","28.101","27.729","27.89","61,006,070"
"11/30/2005","27.66","27.7702","27.63","27.68","55,678,090"
"11/29/2005","27.79","27.79","27.6","27.68","62,210,440"
"11/28/2005","27.78","27.851","27.53","27.75","57,502,880"
"11/25/2005","27.78","27.94","27.465","27.76","44,082,440"
"11/23/2005","27.92","28.09","27.74","27.92","70,515,310"
"11/22/2005","28.03","28.08","27.86","27.91","104,247,800"
"11/21/2005","28.06","28.2402","27.5","28.16","65,408,390"
"11/18/2005","28.12","28.25","27.9","28.07","75,419,850"
"11/17/2005","27.84","28.0003","27.76","27.97","91,341,880"
"11/16/2005","27.47","27.88","27.44","27.74","85,689,590"
"11/15/2005","27.34","27.54","27.25","27.5","65,064,580"
"11/14/2005","27.36","27.44","27.2","27.35","65,634,660"
"11/11/2005","27.17","27.3901","27.1265","27.28","51,942,210"
"11/10/2005","26.94","27.15","26.6399","27.09","73,313,700"
"11/09/2005","26.97","27.1501","26.94","26.96","59,369,840"
"11/08/2005","26.93","27.18","26.77","27.0495","60,070,820"
"11/07/2005","26.7","27.081","26.7","27.01","77,019,030"
"11/04/2005","26.52","26.71","26.45","26.66","57,464,060"
"11/03/2005","26.58","26.64","26.25","26.44","73,421,540"
"11/02/2005","25.93","26.5","25.93","26.46","75,390,270"
"11/01/2005","25.62","26.1","25.61","25.96","71,391,480"
"10/31/2005","25.59","25.8","25.5","25.7","75,584,710"
"10/28/2005","25.1","25.6001","25.1","25.53","106,917,700"
"10/27/2005","25.21","25.27","24.85","24.85","62,093,120"
"10/26/2005","24.95","25.33","24.93","25.1101","58,245,340"
"10/25/2005","24.95","25.13","24.8299","25.03","41,423,060"
"10/24/2005","24.89","25.1","24.68","25.1","52,605,590"
"10/21/2005","24.91","25","24.57","24.78","68,499,700"
"10/20/2005","25.05","25.13","24.74","24.79","58,794,330"
"10/19/2005","24.56","25.09","24.5","25.09","66,563,610"
"10/18/2005","24.49","24.83","24.45","24.57","69,282,320"
"10/17/2005","24.67","24.69","24.4399","24.53","46,920,960"
"10/14/2005","24.7","24.73","24.4992","24.67","53,809,930"
"10/13/2005","24.32","25.59","24.268","24.59","70,191,990"
"10/12/2005","24.48","24.7","24.27","24.3","71,273,740"
"10/11/2005","24.49","24.5501","24.25","24.41","76,546,940"
"10/10/2005","24.66","24.68","24.35","24.46","48,880,310"
"10/07/2005","24.76","24.8401","24.52","24.59","50,762,860"
"10/06/2005","24.65","24.95","24.53","24.73","81,700,630"
"10/05/2005","25.03","25.05","24.67","24.67","73,682,940"
"10/04/2005","25.36","25.39","24.75","24.98","151,651,000"
"10/03/2005","25.72","25.7326","25.44","25.5","55,322,810"
"09/30/2005","25.91","25.95","25.61","25.73","57,659,840"
"09/29/2005","25.62","26","25.5","25.94","66,806,390"
"09/28/2005","25.38","25.87","25.38","25.67","71,018,160"
"09/27/2005","25.36","25.45","25.2999","25.34","48,792,490"
"09/26/2005","25.38","25.49","25.21","25.27","56,190,930"
"09/23/2005","25.29","25.54","25.12","25.27","66,396,260"
"09/22/2005","25.51","25.6","25.15","25.34","71,312,410"
"09/21/2005","25.8","25.9","25.43","25.49","68,251,040"
"09/20/2005","26.07","26.22","25.69","25.84","61,073,530"
"09/19/2005","26.1","26.27","25.86","26","61,724,300"
"09/16/2005","26.32","26.4","25.97","26.07","186,586,200"
"09/15/2005","26.35","26.43","26.22","26.27","60,354,370"
"09/14/2005","26.52","26.64","26.3","26.31","54,307,330"
"09/13/2005","26.52","26.76","26.37","26.48","63,421,190"
"09/12/2005","26.62","26.75","26.5192","26.61","40,139,810"
"09/09/2005","26.62","26.82","26.53","26.58","41,516,540"
"09/08/2005","26.8","26.88","26.52","26.61","52,514,620"
"09/07/2005","26.95","27.11","26.8199","26.85","44,644,890"
"09/06/2005","27.06","27.29","26.98","27","46,084,480"
"09/02/2005","27.22","27.27","26.97","27.02","52,046,490"
"09/01/2005","27.34","27.39","27.15","27.2","75,885,710"
"08/31/2005","27.19","27.44","27.04","27.38","65,209,420"
"08/30/2005","27.06","27.23","26.96","27.18","55,162,680"
"08/29/2005","26.81","27.23","26.81","27.15","52,285,230"
"08/26/2005","27.06","27.08","26.87","26.97","36,774,330"
"08/25/2005","26.88","27.09","26.85","27.03","39,309,220"
"08/24/2005","26.82","27.16","26.78","26.81","63,643,100"
"08/23/2005","26.85","27.07","26.74","26.87","48,311,070"
"08/22/2005","26.8","27.17","26.77","26.91","41,707,640"
"08/19/2005","26.89","26.91","26.7","26.72","36,056,320"
"08/18/2005","26.89","27.08","26.8","26.82","40,866,590"
"08/17/2005","26.8","27.15","26.66","26.95","52,588,700"
"08/16/2005","27.03","27.14","26.6998","26.74","47,092,810"
"08/15/2005","26.97","27.3008","26.69","27.13","45,934,810"
"08/12/2005","27.08","27.14","26.9","27.05","53,869,600"
"08/11/2005","26.99","27.3","26.8899","27.27","48,929,540"
"08/10/2005","27.41","27.5","26.85","26.95","64,552,220"
"08/09/2005","27.22","27.51","27.01","27.35","65,256,750"
"08/08/2005","27.8","27.84","27.08","27.13","77,271,310"
"08/05/2005","27.3","27.94","27.25","27.76","82,254,290"
"08/04/2005","27.16","27.5","27.05","27.32","92,053,160"
"08/03/2005","26.77","27.43","26.734","27.25","140,161,700"
"08/02/2005","25.89","26.901","25.87","26.81","137,529,600"
"08/01/2005","25.81","26.05","25.76","25.92","61,353,270"
"07/29/2005","25.79","26","25.59","25.61","59,753,260"
"07/28/2005","25.75","25.85","25.66","25.75","45,020,540"
"07/27/2005","25.6","25.8","25.53","25.72","58,104,040"
"07/26/2005","25.71","25.74","25.53","25.54","51,975,600"
"07/25/2005","25.68","25.9","25.65","25.69","45,197,540"
"07/22/2005","25.99","26.34","25.63","25.68","99,879,300"
"07/21/2005","26.29","26.48","26.19","26.44","114,057,900"
"07/20/2005","26.01","26.23","25.88","26.19","72,146,360"
"07/19/2005","25.76","26.25","25.75","26.16","113,461,500"
"07/18/2005","25.71","25.79","25.55","25.55","39,672,140"
"07/15/2005","26.02","26.1","25.75","25.79","56,480,320"
"07/14/2005","25.8","26.1","25.79","25.97","69,506,710"
"07/13/2005","25.53","25.75","25.4799","25.66","44,942,680"
"07/12/2005","25.24","25.62","25.2","25.61","63,486,130"
"07/11/2005","25.15","25.38","25.11","25.29","61,529,400"
"07/08/2005","24.65","25.1207","24.63","25.09","56,119,920"
"07/07/2005","24.56","24.71","24.5","24.65","80,769,620"
"07/06/2005","24.96","25.08","24.6899","24.7","64,462,010"
"07/05/2005","24.66","25.19","24.62","24.98","61,884,390"
"07/01/2005","24.86","24.9904","24.67","24.71","69,782,480"
"06/30/2005","25.07","25.14","24.82","24.84","82,032,620"
"06/29/2005","25.23","25.32","25","25.09","56,313,470"
"06/28/2005","25.1","25.2","25.029","25.07","53,074,390"
"06/27/2005","25.06","25.25","25.03","25.05","61,896,430"
"06/24/2005","25.24","25.4","25.03","25.04","58,969,900"
"06/23/2005","25.17","25.62","25.15","25.31","105,248,000"
"06/22/2005","25.12","25.26","25.03","25.07","60,789,040"
"06/21/2005","25.08","25.19","25.04","25.15","81,085,260"
"06/20/2005","24.97","25.28","24.93","25.11","50,749,590"
"06/17/2005","25.19","25.29","24.92","25.04","92,039,020"
"06/16/2005","25.22","25.23","24.95","25.04","67,086,960"
"06/15/2005","25.39","25.41","25.11","25.26","50,764,850"
"06/14/2005","25.28","25.44","25.24","25.36","45,404,910"
"06/13/2005","25.36","25.49","25.26","25.31","49,105,650"
"06/10/2005","25.51","25.52","25.34","25.43","39,486,400"
"06/09/2005","25.4","25.611","25.3499","25.51","56,263,610"
"06/08/2005","25.54","25.62","25.34","25.4","45,753,060"
"06/07/2005","25.34","25.83","25.31","25.51","54,555,520"
"06/06/2005","25.38","25.5","25.31","25.37","40,770,790"
"06/03/2005","25.7","25.8102","25.34","25.43","79,671,910"
"06/02/2005","25.71","25.86","25.64","25.79","27,235,350"
"06/01/2005","25.73","26","25.61","25.81","54,939,770"
"05/31/2005","25.99","26.03","25.75","25.8","46,446,310"
"05/27/2005","25.85","26.09","25.81","26.07","54,978,860"
"05/26/2005","25.74","26","25.73","25.9","50,579,110"
"05/25/2005","25.67","25.77","25.5","25.71","36,949,100"
"05/24/2005","25.79","25.88","25.72","25.75","61,455,890"
"05/23/2005","25.74","26.07","25.74","25.85","75,535,860"
"05/20/2005","25.88","25.92","25.73","25.74","64,487,980"
"05/19/2005","25.76","26.05","25.7","25.92","52,184,970"
"05/18/2005","25.53","25.84","25.42","25.7","71,183,250"
"05/17/2005","25.31","25.5","25.25","25.46","40,111,420"
"05/16/2005","25.22","25.5","24.31","25.49","50,586,500"
"05/13/2005","25.03","25.38","24.99","25.3","77,426,380"
"05/12/2005","24.84","25.11","24.83","25","74,569,650"
"05/11/2005","24.88","24.97","24.64","24.91","59,532,820"
"05/10/2005","25.06","25.08","24.82","24.9","62,619,280"
"05/09/2005","25.22","25.33","25.05","25.11","61,870,570"
"05/06/2005","25.31","25.48","25.19","25.22","64,333,560"
"05/05/2005","25.21","25.33","25.08","25.23","59,376,440"
"05/04/2005","25.34","25.4","25.11","25.21","86,899,460"
"05/03/2005","25.12","25.4","25.09","25.36","68,170,850"
"05/02/2005","25.23","25.36","24.95","25.23","54,398,730"
"04/29/2005","24.89","25.3","24.79","25.3","98,658,140"
"04/28/2005","24.79","24.92","24.44","24.45","84,191,240"
"04/27/2005","24.66","25.15","24.63","24.99","47,781,450"
"04/26/2005","24.97","25.25","24.74","24.76","60,940,880"
"04/25/2005","25.07","25.28","24.86","24.99","75,531,650"
"04/22/2005","25.06","25.25","24.78","24.98","80,116,990"
"04/21/2005","24.5","25.39","24.47","25.28","93,923,060"
"04/20/2005","24.65","24.7","24.3","24.32","92,481,880"
"04/19/2005","24.74","24.8","24.45","24.63","66,185,040"
"04/18/2005","24.45","24.84","24.4","24.65","75,767,800"
"04/15/2005","24.58","24.9","24.41","24.46","100,576,300"
"04/14/2005","25.03","25.14","24.83","24.84","67,397,270"
"04/13/2005","25.22","25.45","24.99","25.04","60,947,630"
"04/12/2005","24.94","25.35","24.8","25.32","67,711,550"
"04/11/2005","25.03","25.11","24.86","24.97","48,197,870"
"04/08/2005","25.06","25.25","24.91","24.94","47,956,290"
"04/07/2005","24.66","25.13","24.63","25.1","77,545,850"
"04/06/2005","24.48","24.94","24.4491","24.67","78,045,390"
"04/05/2005","24.22","24.5","24.1199","24.47","73,624,340"
"04/04/2005","24.11","24.26","23.94","24.23","62,196,320"
"04/01/2005","24.26","24.35","24.1","24.12","64,790,520"
"03/31/2005","24.25","24.3103","24.1199","24.17","62,416,810"
"03/30/2005","24.04","24.19","24","24.16","59,829,960"
"03/29/2005","24.13","24.24","23.82","23.92","74,647,900"
"03/28/2005","24.34","24.47","24.18","24.2","49,994,620"
"03/24/2005","24.24","24.47","24.1998","24.28","78,996,790"
"03/23/2005","23.99","24.39","23.96","24.18","79,368,300"
"03/22/2005","24.19","24.27","23.9599","23.99","102,304,200"
"03/21/2005","24.34","24.36","24.15","24.2","71,481,480"
"03/18/2005","24.52","24.91","24.28","24.31","147,161,100"
"03/17/2005","24.68","24.68","24.53","24.54","60,597,040"
"03/16/2005","24.8","24.97","24.56","24.63","74,976,470"
"03/15/2005","25.1","25.24","24.8899","24.91","71,471,530"
"03/14/2005","25.07","25.15","24.96","25.11","65,541,110"
"03/11/2005","25.45","25.4802","25.06","25.09","60,508,270"
"03/10/2005","25.42","25.48","25.25","25.43","59,005,170"
"03/09/2005","25.39","25.57","25.28","25.31","62,949,610"
"03/08/2005","25.38","25.6202","25.34","25.4","52,871,040"
"03/07/2005","25.18","25.79","25.16","25.47","80,419,100"
"03/04/2005","25.22","25.3","25.13","25.17","62,954,740"
"03/03/2005","25.3","25.31","25.14","25.17","52,182,560"
"03/02/2005","25.2","25.48","25.16","25.26","67,738,970"
"03/01/2005","25.19","25.41","25.13","25.28","56,509,300"
"02/28/2005","25.23","25.37","25.1296","25.16","82,781,570"
"02/25/2005","25.33","25.38","25.15","25.25","62,477,900"
"02/24/2005","25.19","25.4401","25.15","25.37","85,420,600"
"02/23/2005","25.24","25.35","25.17","25.2","83,681,960"
"02/22/2005","25.25","25.49","25.2","25.23","96,419,160"
"02/18/2005","25.63","25.65","25.4","25.48","77,091,120"
"02/17/2005","25.72","25.86","25.6","25.65","67,017,790"
"02/16/2005","25.87","25.93","25.67","25.79","57,485,990"
"02/15/2005","26.01","26.08","25.86","25.93","76,613,820"
"02/14/2005","25.92","26.12","25.91","26.01","58,932,830"
"02/11/2005","26.04","26.12","25.81","25.97","83,880,770"
"02/10/2005","26.1","26.13","26","26.06","71,887,830"
"02/09/2005","26.25","26.31","26.04","26.07","79,585,360"
"02/08/2005","26.19","26.34","26.16","26.24","61,419,360"
"02/07/2005","26.26","26.3","26.06","26.16","57,806,000"
"02/04/2005","26.17","26.37","26.1399","26.32","61,246,880"
"02/03/2005","26.37","26.4","26.1","26.18","62,654,400"
"02/02/2005","26.44","26.5","26.2799","26.46","79,651,000"
"02/01/2005","26.25","26.43","26.22","26.39","58,027,320"
"01/31/2005","26.36","26.52","26.16","26.28","71,707,420"
"01/28/2005","26.53","26.65","25.9599","26.18","110,495,600"
"01/27/2005","25.95","26.16","25.85","26.11","93,672,170"
"01/26/2005","26.07","26.17","25.9","26.01","64,982,500"
"01/25/2005","25.76","26.19","25.75","26.02","67,588,160"
"01/24/2005","25.76","26","25.64","25.67","69,011,700"
"01/21/2005","25.94","26.13","25.64","25.65","76,546,950"
"01/20/2005","25.84","26.1","25.74","25.86","58,388,240"
"01/19/2005","26.2","26.26","25.9199","25.98","58,115,030"
"01/18/2005","26.03","26.35","25.84","26.32","69,303,790"
"01/14/2005","26.4","26.45","26.04","26.12","92,234,500"
"01/13/2005","26.68","26.8","26.16","26.27","89,912,610"
"01/12/2005","26.77","26.85","26.62","26.78","72,975,010"
"01/11/2005","26.69","26.82","26.61","26.73","65,711,480"
"01/10/2005","26.6","26.86","26.54","26.8","71,034,360"
"01/07/2005","26.82","26.89","26.62","26.67","68,876,700"
"01/06/2005","26.87","27.06","26.6399","26.75","76,890,470"
"01/05/2005","26.85","27.1","26.76","26.78","72,480,990"
"01/04/2005","26.87","27.1","26.66","26.84","109,556,900"
"01/03/2005","26.82","26.95","26.649","26.74","65,428,630"
"12/31/2004","26.75","26.9","26.679","26.72","54,964,530"